{"cameraMode":{"drawMode":0,"name":"Shaded","section":"Shading Mode"},"sceneLighting":true,"audioPlay":false,"sceneViewState":{"showFog":true,"showMaterialUpdate":true,"showSkybox":true,"showFlares":true,"showImageEffects":true,"showParticleSystems":true},"in2DMode":false,"pivot":{"x":-0.700364887714386,"y":3.427608013153076,"z":-30.909927368164064},"rotation":{"x":0.4522361755371094,"y":0.42583805322647097,"z":-0.2604372203350067,"w":0.7392098903656006},"size":1.824744462966919,"orthographic":false}